Workbook

Sheet Import
G1: Growth | M1: bps | S1: Contribution
A3: Total TH | B3: Channel | C3: Price | D3: Region | E3: Packsize | G3: Total | H3: Channel | I3: Price | J3: Region | K3: Packsize | M3: Total | N3: Channel | O3: Price | P3: Region | Q3: Packsize | S3: Total TH | T3: Channel | U3: Price | V3: Region | W3: Packsize
A4: DW | B4: SH CHAIN | C4: Tier1 | D4: GBKK | E4: S | G4: 0.034473772 | H4: -0.057147908 | I4: 0.0060154723 | J4: 0.010681762 | K4: -0.029576374 | M4: -137 bps | N4: -202 bps | O4: -270 bps | P4: -70 bps | Q4: -182 bps | S4: 0.62101444 | T4: 0.16633831 | U4: 0.52984994 | V4: 0.15172307 | W4: 0.20293123
B5: SH Online | C5: Tier2 | D5: CENTRAL | E5: M | H5: 0.44832951 | I5: 2.2232613 | J5: 0.020888919 | K5: 0.12213868 | N5: 39 bps | O5: 132 bps | P5: -54 bps | Q5: 74 bps | T5: 0.014610818 | U5: 0.019610653 | V5: 0.15008274 | W5: 0.1273448
B6: OT | C6: Tier3 | D6: NORTH | E6: L | H6: 0.015573845 | I6: 0.059219501 | J6: 0.017567677 | K6: -0.13167219 | N6: -77 bps | O6: 1 bps | P6: -28 bps | Q6: -254 bps | T6: 0.18836548 | U6: 0.071553844 | V6: 0.071203685 | W6: 0.11651568
B7: LMT | C7: Tier4 | D7: NORTHEAST | E7: XL | H7: 0.2989023 | J7: 0.078040867 | K7: 0.21379922 | N7: 260 bps | P7: 34 bps | Q7: 225 bps | T7: 0.13992112 | U7: 0 | V7: 0.17630647 | W7: 0.17422272
B8: CVS | D8: SOUTH | E8: XXL | H8: -0.073231741 | J8: 0.029114997 | N8: -157 bps | P8: -20 bps | T8: 0.1117787 | V8: 0.071698466 | W8: 0
A10: Total TH | B10: Channel | C10: Price | D10: Region | E10: Packsize | G10: Total | H10: Channel | I10: Price | J10: Region | K10: Packsize | M10: Total | N10: Channel | O10: Price | P10: Region | Q10: Packsize | S10: Total TH | T10: Channel | U10: Price | V10: Region | W10: Packsize
A11: FAB ENH | B11: SH CHAIN | C11: Tier1 | D11: GBKK | E11: S | G11: 0.12792495 | H11: 0.29863891 | I11: -0.85537963 | J11: 0.12460977 | K11: -0.22649364 | M11: 47 bps | N11: 79 bps | O11: -173 bps | P11: 14 bps | Q11: -64 bps | S11: 0.14301828 | T11: 0.049774059 | V11: 0.046661038 | W11: 0.015680977
B12: SH Online | C12: Tier2 | D12: CENTRAL | E12: M | H12: 0.4001739 | I12: 0.42433856 | J12: 0.17862989 | K12: -0.79275633 | N12: 5 bps | O12: 275 bps | P12: 31 bps | Q12: -52 bps | U12: 0.123 | V12: 0.04220721
B13: OT | C13: Tier3 | D13: NORTH | E13: L | H13: 0.018240481 | I13: -0.085769451 | J13: 0.0451762 | K13: 0.09523052 | N13: -18 bps | O13: -41 bps | P13: -7 bps | Q13: 3 bps | T13: 0.024759749 | U13: 0.02 | V13: 0.015791584 | W13: 0.08
B14: LMT | C14: Tier4 | D14: NORTHEAST | E14: XL | H14: 0.22587845 | I14: -0.38776861 | J14: 0.10927053 | K14: 0.65422605 | N14: 32 bps | O14: -14 bps | P14: 4 bps | Q14: 163 bps | T14: 0.0285 | V14: 0.025993493 | W14: 0.047
B15: CVS | D15: SOUTH | E15: XXL | H15: -0.042630634 | J15: 0.12876173 | K15: -0.053766533 | N15: -52 bps | P15: 4 bps | Q15: -2 bps | T15: 0.04 | V15: 0.012364959
A17: Total TH | B17: Channel | C17: Price | D17: Region | E17: Packsize | G17: Total | H17: Channel | I17: Price | J17: Region | K17: Packsize | M17: Total | N17: Channel | O17: Price | P17: Region | Q17: Packsize | S17: Total TH | T17: Channel | U17: Price | V17: Region | W17: Packsize
A18: LIQUID | B18: SH CHAIN | C18: Tier1 | D18: GBKK | E18: S | G18: 0.27503667 | H18: 0.18085306 | I18: 2.0837462 | J18: 0.3626972 | K18: -0.1351163 | M18: 242 bps | N18: -85 bps | O18: 139 bps | P18: 117 bps | Q18: -59 bps | S18: 0.39367265 | T18: 0.13971965 | U18: 0.02 | V18: 0.14497907 | W18: 0.013224554
B19: SH Online | C19: Tier2 | D19: CENTRAL | E19: M | H19: 0.40367161 | I19: -0.04279823 | J19: 0.29591555 | K19: -0.028308905 | N19: 8 bps | O19: -237 bps | P19: 35 bps | Q19: -49 bps | T19: 0.0074350914 | U19: 0.083092678 | V19: 0.10499789 | W19: 0.017087706
B20: OT | C20: Tier3 | D20: NORTH | E20: L | H20: 0.20656131 | I20: 0.34314698 | J20: 0.32767862 | K20: 0.39360677 | N20: -17 bps | O20: 231 bps | P20: 24 bps | Q20: 189 bps | T20: 0.044699993 | U20: 0.29 | V20: 0.042425781 | W20: 0.18701734
B21: LMT | C21: Tier4 | D21: NORTHEAST | E21: XL | H21: 0.36059292 | I21: -1 | J21: 0.33287926 | K21: 0.38031717 | N21: 71 bps | O21: 0 bps | P21: 40 bps | Q21: 162 bps | T21: 0.089555564 | U21: 0 | V21: 0.065997762 | W21: 0.17578255
B22: CVS | D22: SOUTH | E22: XXL | H22: 0.64194712 | J22: 0.35796565 | K22: 0.28669916 | N22: 266 bps | P22: 27 bps | Q22: 0 bps | T22: 0.11226235 | V22: 0.035272138 | W22: 0.00056049231
A24: Total TH | B24: Channel | C24: Price | D24: Region | E24: Packsize | G24: Total | H24: Channel | I24: Price | J24: Region | K24: Packsize | M24: Total | N24: Channel | O24: Price | P24: Region | Q24: Packsize | S24: Total TH | T24: Channel | U24: Price | V24: Region | W24: Packsize
A25: POWDER | B25: SH CHAIN | C25: Tier1 | D25: GBKK | E25: S | G25: -0.033769568 | H25: -0.14699333 | I25: -0.07561586 | J25: -0.064430566 | K25: -0.19016239 | M25: -44 bps | N25: -164 bps | O25: -121 bps | P25: -45 bps | Q25: -87 bps | S25: 0.51787842 | T25: 0.11520074 | U25: 0.22257892 | V25: 0.10756976 | W25: 0.042699995
B26: SH Online | C26: Tier2 | D26: CENTRAL | E26: M | H26: 0.23859021 | I26: -0.15523999 | J26: 0.023838855 | K26: -0.13455768 | N26: 14 bps | O26: -68 bps | P26: 64 bps | Q26: -109 bps | T26: 0.006369998 | U26: 0.044540326 | V26: 0.13346584 | W26: 0.086627068
B27: OT | C27: Tier3 | D27: NORTH | E27: L | H27: 0.029339501 | I27: 0.01304944 | J27: 0.0196116 | K27: -0.023175949 | N27: 111 bps | O27: 92 bps | P27: 35 bps | Q27: 4 bps | T27: 0.20885832 | U27: 0.24245091 | V27: 0.080127092 | W27: 0.148535
B28: LMT | C28: Tier4 | D28: NORTHEAST | E28: XL | H28: 0.14650287 | I28: 1.6469855 | J28: -0.067040067 | K28: 0.08063572 | N28: 172 bps | O28: 52 bps | P28: -65 bps | Q28: 195 bps | T28: 0.11460796 | U28: 0.008308268 | V28: 0.14590385 | W28: 0.19869052
B29: CVS | D29: SOUTH | E29: XXL | H29: -0.21600319 | J29: -0.087234582 | K29: -0.12505055 | N29: -177 bps | P29: -34 bps | Q29: -47 bps | T29: 0.072841401 | V29: 0.050811878 | W29: 0.041325837

Sheet DW Decomp
B1: DW - Decomposition
BD3: =IF(Import!A4="","",Import!A4) -> DW | BE3: =IF(Import!G4="","",Import!G4) -> 0.034473772 | BF3: =IF(Import!M4="","",Import!M4) -> -137 bps | BG3: =IF(Import!S4="","",Import!S4) -> 0.62101444 | BH3: =IF(Import!B4="","",Import!B4) -> SH CHAIN | BI3: =IF(Import!H4="","",Import!H4) -> -0.057147908 | BJ3: =IF(Import!N4="","",Import!N4) -> -202 bps | BK3: =IF(Import!T4="","",Import!T4) -> 0.16633831 | BL3: =IF(Import!C4="","",Import!C4) -> Tier1 | BM3: =IF(Import!I4="","",Import!I4) -> 0.0060154723 | BN3: =IF(Import!O4="","",Import!O4) -> -270 bps | BO3: =IF(Import!U4="","",Import!U4) -> 0.52984994 | BP3: =IF(Import!D4="","",Import!D4) -> GBKK | BQ3: =IF(Import!J4="","",Import!J4) -> 0.010681762 | BR3: =IF(Import!P4="","",Import!P4) -> -70 bps | BS3: =IF(Import!V4="","",Import!V4) -> 0.15172307 | BT3: =IF(Import!E4="","",Import!E4) -> S | BU3: =IF(Import!K4="","",Import!K4) -> -0.029576374 | BV3: =IF(Import!Q4="","",Import!Q4) -> -182 bps | BW3: =IF(Import!W4="","",Import!W4) -> 0.20293123
BD4: =IF(Import!A5="","",Import!A5) | BE4: =IF(Import!G5="","",Import!G5) | BF4: =IF(Import!M5="","",Import!M5) | BG4: =IF(Import!S5="","",Import!S5) | BH4: =IF(Import!B5="","",Import!B5) -> SH Online | BI4: =IF(Import!H5="","",Import!H5) -> 0.44832951 | BJ4: =IF(Import!N5="","",Import!N5) -> 39 bps | BK4: =IF(Import!T5="","",Import!T5) -> 0.014610818 | BL4: =IF(Import!C5="","",Import!C5) -> Tier2 | BM4: =IF(Import!I5="","",Import!I5) -> 2.2232613 | BN4: =IF(Import!O5="","",Import!O5) -> 132 bps | BO4: =IF(Import!U5="","",Import!U5) -> 0.019610653 | BP4: =IF(Import!D5="","",Import!D5) -> CENTRAL | BQ4: =IF(Import!J5="","",Import!J5) -> 0.020888919 | BR4: =IF(Import!P5="","",Import!P5) -> -54 bps | BS4: =IF(Import!V5="","",Import!V5) -> 0.15008274 | BT4: =IF(Import!E5="","",Import!E5) -> M | BU4: =IF(Import!K5="","",Import!K5) -> 0.12213868 | BV4: =IF(Import!Q5="","",Import!Q5) -> 74 bps | BW4: =IF(Import!W5="","",Import!W5) -> 0.1273448
BD5: =IF(Import!A6="","",Import!A6) | BE5: =IF(Import!G6="","",Import!G6) | BF5: =IF(Import!M6="","",Import!M6) | BG5: =IF(Import!S6="","",Import!S6) | BH5: =IF(Import!B6="","",Import!B6) -> OT | BI5: =IF(Import!H6="","",Import!H6) -> 0.015573845 | BJ5: =IF(Import!N6="","",Import!N6) -> -77 bps | BK5: =IF(Import!T6="","",Import!T6) -> 0.18836548 | BL5: =IF(Import!C6="","",Import!C6) -> Tier3 | BM5: =IF(Import!I6="","",Import!I6) -> 0.059219501 | BN5: =IF(Import!O6="","",Import!O6) -> 1 bps | BO5: =IF(Import!U6="","",Import!U6) -> 0.071553844 | BP5: =IF(Import!D6="","",Import!D6) -> NORTH | BQ5: =IF(Import!J6="","",Import!J6) -> 0.017567677 | BR5: =IF(Import!P6="","",Import!P6) -> -28 bps | BS5: =IF(Import!V6="","",Import!V6) -> 0.071203685 | BT5: =IF(Import!E6="","",Import!E6) -> L | BU5: =IF(Import!K6="","",Import!K6) -> -0.13167219 | BV5: =IF(Import!Q6="","",Import!Q6) -> -254 bps | BW5: =IF(Import!W6="","",Import!W6) -> 0.11651568
BD6: =IF(Import!A7="","",Import!A7) | BE6: =IF(Import!G7="","",Import!G7) | BF6: =IF(Import!M7="","",Import!M7) | BG6: =IF(Import!S7="","",Import!S7) | BH6: =IF(Import!B7="","",Import!B7) -> LMT | BI6: =IF(Import!H7="","",Import!H7) -> 0.2989023 | BJ6: =IF(Import!N7="","",Import!N7) -> 260 bps | BK6: =IF(Import!T7="","",Import!T7) -> 0.13992112 | BL6: =IF(Import!C7="","",Import!C7) -> Tier4 | BM6: =IF(Import!I7="","",Import!I7) | BN6: =IF(Import!O7="","",Import!O7) | BO6: =IF(Import!U7="","",Import!U7) -> 0 | BP6: =IF(Import!D7="","",Import!D7) -> NORTHEAST | BQ6: =IF(Import!J7="","",Import!J7) -> 0.078040867 | BR6: =IF(Import!P7="","",Import!P7) -> 34 bps | BS6: =IF(Import!V7="","",Import!V7) -> 0.17630647 | BT6: =IF(Import!E7="","",Import!E7) -> XL | BU6: =IF(Import!K7="","",Import!K7) -> 0.21379922 | BV6: =IF(Import!Q7="","",Import!Q7) -> 225 bps | BW6: =IF(Import!W7="","",Import!W7) -> 0.17422272
BD7: =IF(Import!A8="","",Import!A8) | BE7: =IF(Import!G8="","",Import!G8) | BF7: =IF(Import!M8="","",Import!M8) | BG7: =IF(Import!S8="","",Import!S8) | BH7: =IF(Import!B8="","",Import!B8) -> CVS | BI7: =IF(Import!H8="","",Import!H8) -> -0.073231741 | BJ7: =IF(Import!N8="","",Import!N8) -> -157 bps | BK7: =IF(Import!T8="","",Import!T8) -> 0.1117787 | BL7: =IF(Import!C8="","",Import!C8) | BM7: =IF(Import!I8="","",Import!I8) | BN7: =IF(Import!O8="","",Import!O8) | BO7: =IF(Import!U8="","",Import!U8) | BP7: =IF(Import!D8="","",Import!D8) -> SOUTH | BQ7: =IF(Import!J8="","",Import!J8) -> 0.029114997 | BR7: =IF(Import!P8="","",Import!P8) -> -20 bps | BS7: =IF(Import!V8="","",Import!V8) -> 0.071698466 | BT7: =IF(Import!E8="","",Import!E8) -> XXL | BU7: =IF(Import!K8="","",Import!K8) | BV7: =IF(Import!Q8="","",Import!Q8) | BW7: =IF(Import!W8="","",Import!W8) -> 0

Sheet FAB ENH Decomp
B1: FAB ENH - Decomposition
BD3: =IF(Import!A11="","",Import!A11) -> FAB ENH | BE3: =IF(Import!G11="","",Import!G11) -> 0.12792495 | BF3: =IF(Import!M11="","",Import!M11) -> 47 bps | BG3: =IF(Import!S11="","",Import!S11) -> 0.14301828 | BH3: =IF(Import!B11="","",Import!B11) -> SH CHAIN | BI3: =IF(Import!H11="","",Import!H11) -> 0.29863891 | BJ3: =IF(Import!N11="","",Import!N11) -> 79 bps | BK3: =IF(Import!T11="","",Import!T11) -> 0.049774059 | BL3: =IF(Import!C11="","",Import!C11) -> Tier1 | BM3: =IF(Import!I11="","",Import!I11) -> -0.85537963 | BN3: =IF(Import!O11="","",Import!O11) -> -173 bps | BO3: =IF(Import!U11="","",Import!U11) | BP3: =IF(Import!D11="","",Import!D11) -> GBKK | BQ3: =IF(Import!J11="","",Import!J11) -> 0.12460977 | BR3: =IF(Import!P11="","",Import!P11) -> 14 bps | BS3: =IF(Import!V11="","",Import!V11) -> 0.046661038 | BT3: =IF(Import!E11="","",Import!E11) -> S | BU3: =IF(Import!K11="","",Import!K11) -> -0.22649364 | BV3: =IF(Import!Q11="","",Import!Q11) -> -64 bps | BW3: =IF(Import!W11="","",Import!W11) -> 0.015680977
BD4: =IF(Import!A12="","",Import!A12) | BE4: =IF(Import!G12="","",Import!G12) | BF4: =IF(Import!M12="","",Import!M12) | BG4: =IF(Import!S12="","",Import!S12) | BH4: =IF(Import!B12="","",Import!B12) -> SH Online | BI4: =IF(Import!H12="","",Import!H12) -> 0.4001739 | BJ4: =IF(Import!N12="","",Import!N12) -> 5 bps | BK4: =IF(Import!T12="","",Import!T12) | BL4: =IF(Import!C12="","",Import!C12) -> Tier2 | BM4: =IF(Import!I12="","",Import!I12) -> 0.42433856 | BN4: =IF(Import!O12="","",Import!O12) -> 275 bps | BO4: =IF(Import!U12="","",Import!U12) -> 0.123 | BP4: =IF(Import!D12="","",Import!D12) -> CENTRAL | BQ4: =IF(Import!J12="","",Import!J12) -> 0.17862989 | BR4: =IF(Import!P12="","",Import!P12) -> 31 bps | BS4: =IF(Import!V12="","",Import!V12) -> 0.04220721 | BT4: =IF(Import!E12="","",Import!E12) -> M | BU4: =IF(Import!K12="","",Import!K12) -> -0.79275633 | BV4: =IF(Import!Q12="","",Import!Q12) -> -52 bps | BW4: =IF(Import!W12="","",Import!W12)
BD5: =IF(Import!A13="","",Import!A13) | BE5: =IF(Import!G13="","",Import!G13) | BF5: =IF(Import!M13="","",Import!M13) | BG5: =IF(Import!S13="","",Import!S13) | BH5: =IF(Import!B13="","",Import!B13) -> OT | BI5: =IF(Import!H13="","",Import!H13) -> 0.018240481 | BJ5: =IF(Import!N13="","",Import!N13) -> -18 bps | BK5: =IF(Import!T13="","",Import!T13) -> 0.024759749 | BL5: =IF(Import!C13="","",Import!C13) -> Tier3 | BM5: =IF(Import!I13="","",Import!I13) -> -0.085769451 | BN5: =IF(Import!O13="","",Import!O13) -> -41 bps | BO5: =IF(Import!U13="","",Import!U13) -> 0.02 | BP5: =IF(Import!D13="","",Import!D13) -> NORTH | BQ5: =IF(Import!J13="","",Import!J13) -> 0.0451762 | BR5: =IF(Import!P13="","",Import!P13) -> -7 bps | BS5: =IF(Import!V13="","",Import!V13) -> 0.015791584 | BT5: =IF(Import!E13="","",Import!E13) -> L | BU5: =IF(Import!K13="","",Import!K13) -> 0.09523052 | BV5: =IF(Import!Q13="","",Import!Q13) -> 3 bps | BW5: =IF(Import!W13="","",Import!W13) -> 0.08
BD6: =IF(Import!A14="","",Import!A14) | BE6: =IF(Import!G14="","",Import!G14) | BF6: =IF(Import!M14="","",Import!M14) | BG6: =IF(Import!S14="","",Import!S14) | BH6: =IF(Import!B14="","",Import!B14) -> LMT | BI6: =IF(Import!H14="","",Import!H14) -> 0.22587845 | BJ6: =IF(Import!N14="","",Import!N14) -> 32 bps | BK6: =IF(Import!T14="","",Import!T14) -> 0.0285 | BL6: =IF(Import!C14="","",Import!C14) -> Tier4 | BM6: =IF(Import!I14="","",Import!I14) -> -0.38776861 | BN6: =IF(Import!O14="","",Import!O14) -> -14 bps | BO6: =IF(Import!U14="","",Import!U14) | BP6: =IF(Import!D14="","",Import!D14) -> NORTHEAST | BQ6: =IF(Import!J14="","",Import!J14) -> 0.10927053 | BR6: =IF(Import!P14="","",Import!P14) -> 4 bps | BS6: =IF(Import!V14="","",Import!V14) -> 0.025993493 | BT6: =IF(Import!E14="","",Import!E14) -> XL | BU6: =IF(Import!K14="","",Import!K14) -> 0.65422605 | BV6: =IF(Import!Q14="","",Import!Q14) -> 163 bps | BW6: =IF(Import!W14="","",Import!W14) -> 0.047
BD7: =IF(Import!A15="","",Import!A15) | BE7: =IF(Import!G15="","",Import!G15) | BF7: =IF(Import!M15="","",Import!M15) | BG7: =IF(Import!S15="","",Import!S15) | BH7: =IF(Import!B15="","",Import!B15) -> CVS | BI7: =IF(Import!H15="","",Import!H15) -> -0.042630634 | BJ7: =IF(Import!N15="","",Import!N15) -> -52 bps | BK7: =IF(Import!T15="","",Import!T15) -> 0.04 | BL7: =IF(Import!C15="","",Import!C15) | BM7: =IF(Import!I15="","",Import!I15) | BN7: =IF(Import!O15="","",Import!O15) | BO7: =IF(Import!U15="","",Import!U15) | BP7: =IF(Import!D15="","",Import!D15) -> SOUTH | BQ7: =IF(Import!J15="","",Import!J15) -> 0.12876173 | BR7: =IF(Import!P15="","",Import!P15) -> 4 bps | BS7: =IF(Import!V15="","",Import!V15) -> 0.012364959 | BT7: =IF(Import!E15="","",Import!E15) -> XXL | BU7: =IF(Import!K15="","",Import!K15) -> -0.053766533 | BV7: =IF(Import!Q15="","",Import!Q15) -> -2 bps | BW7: =IF(Import!W15="","",Import!W15)

Sheet LIQUID Decomp
B1: LIQUID - Decomposition
BD3: =IF(Import!A18="","",Import!A18) -> LIQUID | BE3: =IF(Import!G18="","",Import!G18) -> 0.27503667 | BF3: =IF(Import!M18="","",Import!M18) -> 242 bps | BG3: =IF(Import!S18="","",Import!S18) -> 0.39367265 | BH3: =IF(Import!B18="","",Import!B18) -> SH CHAIN | BI3: =IF(Import!H18="","",Import!H18) -> 0.18085306 | BJ3: =IF(Import!N18="","",Import!N18) -> -85 bps | BK3: =IF(Import!T18="","",Import!T18) -> 0.13971965 | BL3: =IF(Import!C18="","",Import!C18) -> Tier1 | BM3: =IF(Import!I18="","",Import!I18) -> 2.0837462 | BN3: =IF(Import!O18="","",Import!O18) -> 139 bps | BO3: =IF(Import!U18="","",Import!U18) -> 0.02 | BP3: =IF(Import!D18="","",Import!D18) -> GBKK | BQ3: =IF(Import!J18="","",Import!J18) -> 0.3626972 | BR3: =IF(Import!P18="","",Import!P18) -> 117 bps | BS3: =IF(Import!V18="","",Import!V18) -> 0.14497907 | BT3: =IF(Import!E18="","",Import!E18) -> S | BU3: =IF(Import!K18="","",Import!K18) -> -0.1351163 | BV3: =IF(Import!Q18="","",Import!Q18) -> -59 bps | BW3: =IF(Import!W18="","",Import!W18) -> 0.013224554
BD4: =IF(Import!A19="","",Import!A19) | BE4: =IF(Import!G19="","",Import!G19) | BF4: =IF(Import!M19="","",Import!M19) | BG4: =IF(Import!S19="","",Import!S19) | BH4: =IF(Import!B19="","",Import!B19) -> SH Online | BI4: =IF(Import!H19="","",Import!H19) -> 0.40367161 | BJ4: =IF(Import!N19="","",Import!N19) -> 8 bps | BK4: =IF(Import!T19="","",Import!T19) -> 0.0074350914 | BL4: =IF(Import!C19="","",Import!C19) -> Tier2 | BM4: =IF(Import!I19="","",Import!I19) -> -0.04279823 | BN4: =IF(Import!O19="","",Import!O19) -> -237 bps | BO4: =IF(Import!U19="","",Import!U19) -> 0.083092678 | BP4: =IF(Import!D19="","",Import!D19) -> CENTRAL | BQ4: =IF(Import!J19="","",Import!J19) -> 0.29591555 | BR4: =IF(Import!P19="","",Import!P19) -> 35 bps | BS4: =IF(Import!V19="","",Import!V19) -> 0.10499789 | BT4: =IF(Import!E19="","",Import!E19) -> M | BU4: =IF(Import!K19="","",Import!K19) -> -0.028308905 | BV4: =IF(Import!Q19="","",Import!Q19) -> -49 bps | BW4: =IF(Import!W19="","",Import!W19) -> 0.017087706
BD5: =IF(Import!A20="","",Import!A20) | BE5: =IF(Import!G20="","",Import!G20) | BF5: =IF(Import!M20="","",Import!M20) | BG5: =IF(Import!S20="","",Import!S20) | BH5: =IF(Import!B20="","",Import!B20) -> OT | BI5: =IF(Import!H20="","",Import!H20) -> 0.20656131 | BJ5: =IF(Import!N20="","",Import!N20) -> -17 bps | BK5: =IF(Import!T20="","",Import!T20) -> 0.044699993 | BL5: =IF(Import!C20="","",Import!C20) -> Tier3 | BM5: =IF(Import!I20="","",Import!I20) -> 0.34314698 | BN5: =IF(Import!O20="","",Import!O20) -> 231 bps | BO5: =IF(Import!U20="","",Import!U20) -> 0.29 | BP5: =IF(Import!D20="","",Import!D20) -> NORTH | BQ5: =IF(Import!J20="","",Import!J20) -> 0.32767862 | BR5: =IF(Import!P20="","",Import!P20) -> 24 bps | BS5: =IF(Import!V20="","",Import!V20) -> 0.042425781 | BT5: =IF(Import!E20="","",Import!E20) -> L | BU5: =IF(Import!K20="","",Import!K20) -> 0.39360677 | BV5: =IF(Import!Q20="","",Import!Q20) -> 189 bps | BW5: =IF(Import!W20="","",Import!W20) -> 0.18701734
BD6: =IF(Import!A21="","",Import!A21) | BE6: =IF(Import!G21="","",Import!G21) | BF6: =IF(Import!M21="","",Import!M21) | BG6: =IF(Import!S21="","",Import!S21) | BH6: =IF(Import!B21="","",Import!B21) -> LMT | BI6: =IF(Import!H21="","",Import!H21) -> 0.36059292 | BJ6: =IF(Import!N21="","",Import!N21) -> 71 bps | BK6: =IF(Import!T21="","",Import!T21) -> 0.089555564 | BL6: =IF(Import!C21="","",Import!C21) -> Tier4 | BM6: =IF(Import!I21="","",Import!I21) -> -1 | BN6: =IF(Import!O21="","",Import!O21) -> 0 bps | BO6: =IF(Import!U21="","",Import!U21) -> 0 | BP6: =IF(Import!D21="","",Import!D21) -> NORTHEAST | BQ6: =IF(Import!J21="","",Import!J21) -> 0.33287926 | BR6: =IF(Import!P21="","",Import!P21) -> 40 bps | BS6: =IF(Import!V21="","",Import!V21) -> 0.065997762 | BT6: =IF(Import!E21="","",Import!E21) -> XL | BU6: =IF(Import!K21="","",Import!K21) -> 0.38031717 | BV6: =IF(Import!Q21="","",Import!Q21) -> 162 bps | BW6: =IF(Import!W21="","",Import!W21) -> 0.17578255
BD7: =IF(Import!A22="","",Import!A22) | BE7: =IF(Import!G22="","",Import!G22) | BF7: =IF(Import!M22="","",Import!M22) | BG7: =IF(Import!S22="","",Import!S22) | BH7: =IF(Import!B22="","",Import!B22) -> CVS | BI7: =IF(Import!H22="","",Import!H22) -> 0.64194712 | BJ7: =IF(Import!N22="","",Import!N22) -> 266 bps | BK7: =IF(Import!T22="","",Import!T22) -> 0.11226235 | BL7: =IF(Import!C22="","",Import!C22) | BM7: =IF(Import!I22="","",Import!I22) | BN7: =IF(Import!O22="","",Import!O22) | BO7: =IF(Import!U22="","",Import!U22) | BP7: =IF(Import!D22="","",Import!D22) -> SOUTH | BQ7: =IF(Import!J22="","",Import!J22) -> 0.35796565 | BR7: =IF(Import!P22="","",Import!P22) -> 27 bps | BS7: =IF(Import!V22="","",Import!V22) -> 0.035272138 | BT7: =IF(Import!E22="","",Import!E22) -> XXL | BU7: =IF(Import!K22="","",Import!K22) -> 0.28669916 | BV7: =IF(Import!Q22="","",Import!Q22) -> 0 bps | BW7: =IF(Import!W22="","",Import!W22) -> 0.00056049231

Sheet POWDER Decomp
B1: POWDER - Decomposition
BD3: =IF(Import!A25="","",Import!A25) -> POWDER | BE3: =IF(Import!G25="","",Import!G25) -> -0.033769568 | BF3: =IF(Import!M25="","",Import!M25) -> -44 bps | BG3: =IF(Import!S25="","",Import!S25) -> 0.51787842 | BH3: =IF(Import!B25="","",Import!B25) -> SH CHAIN | BI3: =IF(Import!H25="","",Import!H25) -> -0.14699333 | BJ3: =IF(Import!N25="","",Import!N25) -> -164 bps | BK3: =IF(Import!T25="","",Import!T25) -> 0.11520074 | BL3: =IF(Import!C25="","",Import!C25) -> Tier1 | BM3: =IF(Import!I25="","",Import!I25) -> -0.07561586 | BN3: =IF(Import!O25="","",Import!O25) -> -121 bps | BO3: =IF(Import!U25="","",Import!U25) -> 0.22257892 | BP3: =IF(Import!D25="","",Import!D25) -> GBKK | BQ3: =IF(Import!J25="","",Import!J25) -> -0.064430566 | BR3: =IF(Import!P25="","",Import!P25) -> -45 bps | BS3: =IF(Import!V25="","",Import!V25) -> 0.10756976 | BT3: =IF(Import!E25="","",Import!E25) -> S | BU3: =IF(Import!K25="","",Import!K25) -> -0.19016239 | BV3: =IF(Import!Q25="","",Import!Q25) -> -87 bps | BW3: =IF(Import!W25="","",Import!W25) -> 0.042699995
BD4: =IF(Import!A26="","",Import!A26) | BE4: =IF(Import!G26="","",Import!G26) | BF4: =IF(Import!M26="","",Import!M26) | BG4: =IF(Import!S26="","",Import!S26) | BH4: =IF(Import!B26="","",Import!B26) -> SH Online | BI4: =IF(Import!H26="","",Import!H26) -> 0.23859021 | BJ4: =IF(Import!N26="","",Import!N26) -> 14 bps | BK4: =IF(Import!T26="","",Import!T26) -> 0.006369998 | BL4: =IF(Import!C26="","",Import!C26) -> Tier2 | BM4: =IF(Import!I26="","",Import!I26) -> -0.15523999 | BN4: =IF(Import!O26="","",Import!O26) -> -68 bps | BO4: =IF(Import!U26="","",Import!U26) -> 0.044540326 | BP4: =IF(Import!D26="","",Import!D26) -> CENTRAL | BQ4: =IF(Import!J26="","",Import!J26) -> 0.023838855 | BR4: =IF(Import!P26="","",Import!P26) -> 64 bps | BS4: =IF(Import!V26="","",Import!V26) -> 0.13346584 | BT4: =IF(Import!E26="","",Import!E26) -> M | BU4: =IF(Import!K26="","",Import!K26) -> -0.13455768 | BV4: =IF(Import!Q26="","",Import!Q26) -> -109 bps | BW4: =IF(Import!W26="","",Import!W26) -> 0.086627068
BD5: =IF(Import!A27="","",Import!A27) | BE5: =IF(Import!G27="","",Import!G27) | BF5: =IF(Import!M27="","",Import!M27) | BG5: =IF(Import!S27="","",Import!S27) | BH5: =IF(Import!B27="","",Import!B27) -> OT | BI5: =IF(Import!H27="","",Import!H27) -> 0.029339501 | BJ5: =IF(Import!N27="","",Import!N27) -> 111 bps | BK5: =IF(Import!T27="","",Import!T27) -> 0.20885832 | BL5: =IF(Import!C27="","",Import!C27) -> Tier3 | BM5: =IF(Import!I27="","",Import!I27) -> 0.01304944 | BN5: =IF(Import!O27="","",Import!O27) -> 92 bps | BO5: =IF(Import!U27="","",Import!U27) -> 0.24245091 | BP5: =IF(Import!D27="","",Import!D27) -> NORTH | BQ5: =IF(Import!J27="","",Import!J27) -> 0.0196116 | BR5: =IF(Import!P27="","",Import!P27) -> 35 bps | BS5: =IF(Import!V27="","",Import!V27) -> 0.080127092 | BT5: =IF(Import!E27="","",Import!E27) -> L | BU5: =IF(Import!K27="","",Import!K27) -> -0.023175949 | BV5: =IF(Import!Q27="","",Import!Q27) -> 4 bps | BW5: =IF(Import!W27="","",Import!W27) -> 0.148535
BD6: =IF(Import!A28="","",Import!A28) | BE6: =IF(Import!G28="","",Import!G28) | BF6: =IF(Import!M28="","",Import!M28) | BG6: =IF(Import!S28="","",Import!S28) | BH6: =IF(Import!B28="","",Import!B28) -> LMT | BI6: =IF(Import!H28="","",Import!H28) -> 0.14650287 | BJ6: =IF(Import!N28="","",Import!N28) -> 172 bps | BK6: =IF(Import!T28="","",Import!T28) -> 0.11460796 | BL6: =IF(Import!C28="","",Import!C28) -> Tier4 | BM6: =IF(Import!I28="","",Import!I28) -> 1.6469855 | BN6: =IF(Import!O28="","",Import!O28) -> 52 bps | BO6: =IF(Import!U28="","",Import!U28) -> 0.008308268 | BP6: =IF(Import!D28="","",Import!D28) -> NORTHEAST | BQ6: =IF(Import!J28="","",Import!J28) -> -0.067040067 | BR6: =IF(Import!P28="","",Import!P28) -> -65 bps | BS6: =IF(Import!V28="","",Import!V28) -> 0.14590385 | BT6: =IF(Import!E28="","",Import!E28) -> XL | BU6: =IF(Import!K28="","",Import!K28) -> 0.08063572 | BV6: =IF(Import!Q28="","",Import!Q28) -> 195 bps | BW6: =IF(Import!W28="","",Import!W28) -> 0.19869052
BD7: =IF(Import!A29="","",Import!A29) | BE7: =IF(Import!G29="","",Import!G29) | BF7: =IF(Import!M29="","",Import!M29) | BG7: =IF(Import!S29="","",Import!S29) | BH7: =IF(Import!B29="","",Import!B29) -> CVS | BI7: =IF(Import!H29="","",Import!H29) -> -0.21600319 | BJ7: =IF(Import!N29="","",Import!N29) -> -177 bps | BK7: =IF(Import!T29="","",Import!T29) -> 0.072841401 | BL7: =IF(Import!C29="","",Import!C29) | BM7: =IF(Import!I29="","",Import!I29) | BN7: =IF(Import!O29="","",Import!O29) | BO7: =IF(Import!U29="","",Import!U29) | BP7: =IF(Import!D29="","",Import!D29) -> SOUTH | BQ7: =IF(Import!J29="","",Import!J29) -> -0.087234582 | BR7: =IF(Import!P29="","",Import!P29) -> -34 bps | BS7: =IF(Import!V29="","",Import!V29) -> 0.050811878 | BT7: =IF(Import!E29="","",Import!E29) -> XXL | BU7: =IF(Import!K29="","",Import!K29) -> -0.12505055 | BV7: =IF(Import!Q29="","",Import!Q29) -> -47 bps | BW7: =IF(Import!W29="","",Import!W29) -> 0.041325837
